name;angerR;angerG;angerB;surpriseR;surpriseG;surpriseB;joyR;joyG;joyB;sadnessR;sadnessG;sadnessB

Xavier;0;0.9019608;0.3333333;0;1;0;0.3254902;0.7529412;0;0;0.6235294;0
Camille;0;0.03529412;0.5843138;0.1607843;0;0.7333333;0.02352941;0;0.5764706;0;0;1
Default;1;0;0;0;1;0;1;1;0;0;0;1

